<?xml version="1.0" encoding="UTF-8"?>
<jcr:root xmlns:sling="http://sling.apache.org/jcr/sling/1.0" xmlns:cq="http://www.day.com/jcr/cq/1.0" xmlns:jcr="http://www.jcp.org/jcr/1.0" xmlns:nt="http://www.jcp.org/jcr/nt/1.0"
    jcr:primaryType="sling:OrderedFolder">
    <jcr:content
        cq:conf="/conf/bond-vigilantes"
        jcr:primaryType="nt:unstructured"
        jcr:title="Bond Vigilantes">
        <folderThumbnail/>
    </jcr:content>
    <asset.jpg/>
    <bond-vigilantes-logo2.svg/>
    <bond-vigilantes-logo-white2.svg/>
    <mg-logo-white2.svg/>
    <mg-logo-dark2.svg/>
    <artticle1.png/>
    <article5.png/>
    <article4.png/>
    <article3.png/>
    <article2.png/>
    <mg-logo-white1.svg/>
    <bond-vigilantes-logo-white1.svg/>
    <bond-vigilantes-logo1.svg/>
    <mg-logo-dark1.svg/>
    <mg-logo-dark.svg/>
    <mg-logo-white.svg/>
    <bond-vigilantes-logo.svg/>
    <bond-vigilantes-logo-white.svg/>
    <SignUpCrossWordDark-704x704.png/>
    <SignUpCrossWordLight-704x704.png/>
    <blast-logo-small-white.png/>
    <blast-logo-small.png/>
    <stefan-isaacs-1024x1024.png/>
    <asset1.jpg/>
</jcr:root>
